Sample	Population	B	Ca	Cd	Co	Cu	Fe	K	Li	Mg	Mn	Mo	Na	Ni	P	Pb	Rb	S	Sr	Zn
Agl-0	Morocco	51.599	27582.175	0.666	0.087	7.398	70.953	42185.7345	0.918	3413.0475	151.762	0.316	1037.2595	0.0665	12236.7845	0.523	9.694	9884.4	24.259	158.13
Agl-1	Morocco	55.4765	31317.5225	0.573	0.0875	7.792	79.7015	47014.0865	0.8495	3487.776	136.6825	0.2625	650.293	0.086	11810.19	0.392	9.8375	7583.0005	22.025	118.557
Agl-2	Morocco	61.754	31268.3055	0.4465	0.0935	8.296	79.0375	44988.7905	0.913	3445.6305	146.716	0.2065	953.016	0.135	11746.443	0.6425	8.5245	9493.516	27.73	115.4375
Agl-3	Morocco	51.2975	27565.34	0.4585	0.083	6.309	77.42	48923.764	0.845	3145.3275	131.5895	0.2705	847.366	0.1115	10715.701	0.7415	11.575	8435.342	19.1455	117.9855
Agl-5	Morocco	59.2565	29755.3025	0.387	0.086	6.5735	77.0105	54994.0675	0.9105	3094.7505	147.753	0.137	805.329	0.049	11114.9525	1.1485	9.725	8503.7445	30.832	89.771
Agl-9	Morocco	60.606	28228.498	0.572	0.078	6.863	79.347	52474.885	0.951	3449.866	143.703	0.34	846.822	0.077	12170.347	0.904	9.376	7473.66	20.742	97.787
Ait-9	Morocco	53.598	32259.228	0.356	0.087	7.382	81.084	44135.738	0.817	3964.4	136.865	0.143	1328.6745	0.139	11148.829	1.015	8.7555	8005.3825	19.8455	163.113
Arb-0	Morocco	54.469	29625.692	0.6	0.07	6.867	73.228	49940.755	0.803	3445.389	134.834	0.304	856.737	0.101	10707.606	0.911	10.205	8346.375	31.913	103.733
Arb-2	Morocco	56.0045	30889.3845	0.3075	0.068	8.459	75.0315	44204.5915	0.8885	3585.508	124.3525	0.2335	1623.9865	0.1375	12254.4145	1.029	8.414	9669.29	30.512	104.515
Azr-11	Morocco	47.551	27737.85	0.965	0.072	6.781	78.621	51551.389	0.762	3449.729	135.17	0.433	1283.636	0.076	10763.059	0.575	10.225	7299.137	21.594	121.642
Azr-13	Morocco	41.266	31035.098	0.864	0.081	7.164	82.124	41877.567	0.916	3036.803	161.364	0.407	516.799	0.119	12056.232	0.938	9.436	9154.888	23.116	165.248
Azr-16	Morocco	64.4795	34068.871	0.9785	0.0795	6.466	72.531	43028.3205	0.9605	2871.787	148.9475	0.369	918.7895	0.068	11949.8505	0.4945	9.7335	9037.9915	33.4715	120.918
Azr-7	Morocco	41.4105	37998.694	0.8805	0.1095	7.033	76.008	36375.526	0.8985	3580.6835	175.7195	0.475	573.6025	0.0755	12193.234	1.067	7.827	9904.5475	39.8225	488.668
Bba-0	Morocco	53.294	28725.791	1.206	0.104	5.815	76.257	49480.288	0.837	3444.06	119.171	0.309	988.392	0.118	11749.336	1.181	9.739	7711.728	29.262	144.376
Bba-1	Morocco	49.061	27874.009	0.788	0.082	6.727	75.043	46705.029	0.888	3344.766	132.725	0.337	794.174	0.127	12003.45	0.888	10.527	8250.587	29.362	102.467
Bba-2	Morocco	61.097	28178.813	0.842	0.102	7.923	76.881	48769.05	0.931	2838.316	142.866	0.338	620.419	0.139	12090.699	1.625	9.699	7907.528	20.91	621.159
Bbe-0	Morocco	61.855	31778.801	0.565	0.073	6.968	75.287	42502.723	0.827	2631.242	123.375	0.504	825.149	0.141	13429.261	0.429	9.484	10211.679	31.487	84.539
Elh-10	Morocco	52.578	27904.002	0.445	0.061	6.451	81.349	46268.466	0.814	3448.822	120.583	0.284	597.465	0.246	10500.273	0.706	10.261	9180.747	21.266	118.105
Elh-2	Morocco	61.0825	29769.808	0.3105	0.0725	6.501	80.876	52444.965	0.865	3171.206	126.7125	0.3935	1083.529	0.052	12017.4985	0.425	10.1405	7199.7955	19.3995	90.075
Elh-23	Morocco	59.486	24575.514	0.514	0.061	6.884	82.894	49250.838	0.812	3477.51	112.635	0.295	1173.496	0.062	10920.384	0.47	9.952	9360.46	26.043	99.15
Elh-33	Morocco	70.2725	33463.679	0.508	0.111	8.2375	91.752	48709.291	0.9775	3493.1135	137.6595	0.2875	1001.7715	0.1645	9669.697	0.954	8.283	8318.1715	27.6435	561.3575
Elh-39	Morocco	65.5195	27959.9315	0.751	0.1135	7.339	81.9305	49555.1005	0.887	3656.093	115.154	0.4125	1300.9795	0.102	12625.8375	1.078	9.363	7161.933	17.913	312.0945
Elh-46	Morocco	64.2055	31276.7365	0.276	0.0785	5.816	89.3415	46484.781	0.8665	3498.9895	133.15	0.2415	887.026	0.0825	10453.086	0.3675	8.9225	8452.875	26.7135	100.7655
Elh-52	Morocco	59.474	25704.9955	0.493	0.0595	7.5185	77.328	50080.6635	0.819	2978.547	114.756	0.304	744.84	0.0845	11069.9945	0.6205	10.3165	9894.232	18.8525	89.8555
Elk-20	Morocco	66.478	28862.8025	0.771	0.0895	7.4055	82.3475	52509.4855	0.856	2815.354	135.5105	0.4215	867.523	0.0745	10479.7045	0.4845	9.564	9627.3665	19.437	148.4045
Elk-28	Morocco	56.9265	28376.7415	0.407	0.0925	6.8855	73.8245	48783.9265	0.717	3725.5625	119.233	0.27	826.011	0.1105	10846.2925	0.698	9.2525	9524.5665	19.0315	186.609
Elk-5	Morocco	62.7635	30130.212	0.805	0.0745	7.438	79.577	46373.3625	0.863	3514.1435	149.272	0.3495	645.3655	0.0735	10476.842	1.0435	10.248	8650.2665	20.9285	128.9955
Ifr-0	Morocco	44.3405	32925.6355	0.703	0.086	6.8155	77.7995	42177.3755	1.076	3649.493	140.091	0.45	987.7595	0.1545	11650.122	0.551	8.735	9106.164	32.491	131.7355
Ifr-4	Morocco	51.036	28360.329	1.127	0.102	6.774	79.423	44020.453	1.003	3414.543	142.96	0.2755	443.1935	0.074	11696.4145	0.5205	9.6155	9346.808	19.944	117.999
Ket-10	Morocco	55.869	31650.0175	0.744	0.0715	7.341	70.758	52058.1795	0.9775	2791.167	135.015	0.685	914.596	0.09	12768.9835	0.81	10.169	8402.7795	26.714	252.2135
Khe-0	Morocco	66.5255	37288.8785	0.5255	0.1305	8.93	80.839	39972.056	0.995	3992.418	159.1435	0.417	685.185	0.2165	11872.3105	1.59	6.5975	8889.074	29.968	378.1755
Khe-32	Morocco	48.8775	26701.25	1.1495	0.1155	7.548	78.5195	54318.228	0.9235	2659.661	132.577	0.409	1211.6115	0.137	11216.9035	1.3695	11.9305	8278.403	23.8855	349.204
Meh-0	Morocco	42.894	26188.55	0.71	0.079	8.311	84.287	43984.896	0.858	3438.68	121.645	0.483	900.6	0.088	12016.121	1.359	10.434	8891.126	17.873	298.713
Tah-0	Morocco	56.4895	23462.394	1.1065	0.0745	8.748	91.383	52577.4705	0.839	2723.379	110.813	0.442	956.105	0.115	11206.9395	0.6175	11.6775	8083.004	17.3185	125.913
Tah-4	Morocco	50.6295	29730.068	0.7975	0.0865	7.2765	68.7025	49759.1355	0.889	2913.518	114.2485	0.168	628.2245	0.0785	12291.3415	0.47	10.057	9447.505	26.833	131.271
Taz-0	Morocco	44.141	29825.973	0.815	0.073	8.547	76.097	41765.034	0.78	3766.378	135.967	0.469	630.819	0.171	13202.799	0.363	8.484	8386.983	31.126	185.884
Taz-11	Morocco	57.6825	27704.1805	0.922	0.079	8.457	91.528	47081.348	0.824	3074.56	131.35	0.578	904.919	1.525	11729.2455	1.262	9.633	8581.0745	24.7795	275.255
Taz-16	Morocco	49.065	24329.1705	0.7765	0.064	8.1845	72.0435	45890.2555	0.772	3265.941	109.003	0.2995	680.986	0.1575	12638.6325	0.299	10.3635	10288.968	17.9315	86.214
Taz-18	Morocco	53.902	32585.319	1.031	0.077	9.19	80.223	40845.944	0.81	3906.423	140.9	0.583	705.113	0.069	12836.604	0.688	8.614	8606.999	19.739	164.536
Til-2	Morocco	46.6325	30714.5625	0.4165	0.0905	7.7625	78.545	42623.5795	0.8635	3893.694	117.1705	0.3475	759.409	0.1695	13517.5585	0.9255	8.042	8135.478	20.1625	284.918
Tiz-0	Morocco	51.773	29343.097	0.609	0.083	8.403	72.547	52242.626	0.945	3105.957	138.962	0.358	767.708	0.087	11620.468	0.585	9.121	10165.598	21.406	118.019
Zin-4	Morocco	59.644	31635.6255	0.798	0.094	8.6585	82.1495	41243.3165	1.068	3437.8505	150.908	0.518	1005.573	0.096	11049.5905	1.0715	8.5405	10389.273	22.555	203.982
Zin-9	Morocco	57.097	33227.408	0.446	0.092	7.868	81.485	40002.414	1.025	3366.456	127.041	0.69	657.563	0.144	11897.829	1.255	8.004	9929.481	23.016	101.051
ifr-3	Morocco	50.738	26348.172	1.393	0.0785	7.672	79.375	43360.3975	0.812	3271.252	139.6815	0.3955	513.6605	0.11	12048.6585	0.365	9.162	10141.913	19.1405	150.2145
Cvi-0	SantoAntao	62.864	21599.6905	1.7535	0.06	9.334	89.564	54919.25	0.9395	2590.692	125.9935	0.781	650.7785	0.071	12684.1985	0.605	10.765	8505.423	20.0065	180.592
S1-1	S1-1	52.624	30024.0695	1.3515	0.078	8.4385	94.6985	45007.867	1.0165	3083.0935	175.3625	0.5125	639.0565	0.107	10929.7015	0.932	9.472	8680.0515	32.3095	153.4345
S1-100	SantoAntao	51.455	28821.089	0.7955	0.0685	8.1615	70.4905	49669.1675	0.8895	3091.4115	135.771	0.6465	641.638	0.107	13363.5235	1.1005	10.462	8181.6425	19.982	102.0485
S10-100	SantoAntao	55.3805	25505.0495	1.455	0.0625	9.769	79.5055	51237.4225	0.922	3181.5525	129.8035	0.8015	710.2295	0.1095	12590.9945	0.9265	10.078	8474.328	17.835	163.78
S10-101	SantoAntao	54.659	29900.154	0.79	0.071	7.703	72.215	51275.047	0.883	3378.941	132.139	0.479	617.936	0.073	12183.624	0.342	11.648	7637.635	22.164	106.984
S10-102	SantoAntao	63.632	27105.677	0.501	0.061	8.497	80.246	54368.483	0.999	3076.797	143.53	0.65	698.29	0.078	12004.574	0.673	9.748	8098.606	17.187	114.672
S10-105	SantoAntao	55.108	26366.072	0.544	0.071	7.599	87.539	48210.488	1.135	3032.162	143.187	0.418	705.918	0.13	11273.742	0.937	11.414	7849.138	23.362	163.233
S10-12	SantoAntao	49.409	26345.967	0.693	0.074	8.737	72.791	50578.738	0.98	3165.095	121.434	0.519	723.338	0.085	12282.401	0.565	9.917	8807.378	16.855	114.058
S10-16	SantoAntao	50.221	28678.163	1.069	0.076	7.824	81.351	49261.049	0.903	3047.602	132.93	0.429	511.296	0.084	12954.661	0.936	10.154	7465.29	20.058	159.274
S10-29	SantoAntao	54.495	31148.891	0.914	0.091	8.311	75.045	47146.492	1.006	3227.471	139.041	0.669	607.662	0.109	12245.378	0.999	10.766	8066.52	22.819	262.907
S10-5	SantoAntao	46.6375	21771.3405	0.5535	0.0725	8.372	85.067	53436.6535	0.7725	2774.7205	110.149	0.5115	433.379	0.0935	13671.365	0.6815	9.7385	9059.4795	15.108	112.8585
S11-100	SantoAntao	56.688	27396.944	1.292	0.079	8.797	71.4	53730.83	0.827	2880.652	131.713	0.499	651.711	0.109	11801.904	0.821	12.002	8315.973	19.106	174.812
S11-105	SantoAntao	49.98	25187.629	1.252	0.081	8.78	85.65	52627.976	0.667	2792.843	133.285	0.448	594.939	0.048	12359.249	0.307	10.418	9366.459	17.871	152.972
S11-20	SantoAntao	54.421	25954.407	1.1535	0.0695	8.0415	81.7845	54588.045	0.8185	2964.5295	129.721	0.5385	588.639	0.054	12405.751	0.439	9.6755	8519.9945	26.522	196.9545
S11-54	SantoAntao	52.621	28617.519	0.569	0.068	7.551	75.04	54247.255	0.898	3270.994	131.81	0.669	521.767	0.064	12015.13	0.655	9.328	7270.035	19.884	97.742
S11-61	SantoAntao	59.452	27552.569	1.382	0.091	10.416	85.112	49773.743	0.988	3065.888	133.974	0.587	827.458	0.212	12284.152	1.289	10.363	7704.084	20.469	227.737
S11-62	SantoAntao	56.8485	23783.69	1.641	0.085	9.8955	82.634	52070.631	0.899	2639.606	118.9515	0.8955	641.495	0.078	13008.296	0.5585	11.129	8541.918	25.287	160.826
S11-63	SantoAntao	59.283	26399.076	1.801	0.073	9.718	79.039	51403.578	0.825	2969.715	153.114	0.783	579.244	0.087	11884.305	0.425	10.789	7705.315	28.541	162.038
S15-1	SantoAntao	64.231	25030.945	0.763	0.067	9.006	86.301	50847.367	0.893	2753.063	142.776	0.946	562.246	0.073	12692.311	0.589	10.859	8710.244	17.08	124.524
S15-13	SantoAntao	59.639	30561.6515	0.7325	0.063	9.763	73.6515	46352.3555	0.973	3311.4775	147.556	0.8195	577.7475	0.067	12085.2075	0.696	9.602	9201.7695	23.086	135.005
S15-14	SantoAntao	61.438	27943.474	0.455	0.071	9.557	76.468	51948.634	0.877	2853.876	130.295	0.613	565.303	0.191	13136.944	0.936	10.433	9079.485	21.25	100.298
S15-2	SantoAntao	64.4315	28798.0485	1.3485	0.0865	9.3875	76.627	51953.3435	0.9995	3145.389	146.698	0.6475	868.874	0.109	12006.033	0.807	9.9975	7722.2155	20.9425	178.7985
S15-6	SantoAntao	57.7785	29470.216	1.5035	0.0855	8.529	79.914	50509.187	1.0405	3284.899	152.269	0.5185	622.682	0.085	12488.0045	0.5995	8.8315	8428.8865	30.46	246.83
S15-T1-15-11	SantoAntao	64.7425	24526.8485	1.4995	0.0695	8.7615	80.6665	52351.9015	0.941	2998.769	147.079	0.775	609.803	0.0835	12731.543	0.722	10.8485	8681.671	17.189	157.2715
S15-T1-15-31	SantoAntao	62.3465	25572.794	1.318	0.067	8.4485	82.6335	52062.654	0.7555	2846.859	140.266	0.866	627.5255	0.094	12829.07	0.793	10.4345	8583.9375	22.1175	124.1265
S15-T1-15-4	SantoAntao	56.307	25793.4945	1.375	0.074	8.102	79.095	49487.7965	0.7685	2919.376	137.8755	0.7785	592.212	0.094	13146.0945	1.6015	10.3515	8806.7405	17.609	379.2035
S15-T3-15-2	SantoAntao	56.078	29565.363	1.597	0.077	8.352	76.194	51140.522	0.91	3010.325	136.321	0.565	648.456	0.064	13109.447	0.425	10.085	7660.994	30.558	193.353
S16-3	SantoAntao	55.106	26811.019	1.6295	0.0725	8.1025	79.079	51557.441	0.824	3069.8255	132.135	0.693	668.698	0.1235	12105.03	0.913	11.1705	7976.9105	21.7845	216.7765
S16-8	SantoAntao	62.1215	27619.1955	1.0125	0.086	9.791	88.369	50212.399	0.9165	2925.2745	137.012	0.677	669.015	0.1285	12949.8185	0.747	9.4775	7968.7755	28.643	172.011
S16-L-15-4	SantoAntao	58.842	22698.4205	2.1455	0.069	8.474	80.5885	50878.3495	0.6925	2677.24	137.6255	0.6735	713.218	0.0475	12572.3345	0.564	12.2015	8531.195	16.939	179.5235
S16-T1-15-37	SantoAntao	56.1155	24223.3315	1.3085	0.077	9.4665	81.6695	52920.8415	0.8915	2852.7235	129.9025	0.6285	741.9335	0.097	12442.137	0.765	10.399	8162.022	16.5195	140.996
S16-T1-15-47	SantoAntao	52.7205	23514.031	1.2845	0.0805	8.35	82.9745	57227.7585	0.77	2872.06	122.8075	0.655	727.1565	0.0995	12202.421	0.749	11.8375	6817.816	17.5675	128.6365
S16-T1-15-6	SantoAntao	55.4255	24062.0275	1.0995	0.0805	10.1755	81.7535	56494.226	0.9555	3008.431	126.976	0.635	692.0065	0.2085	12586.8925	0.9375	10.5095	7604.784	17.1955	154.7065
S17-1	SantoAntao	52.028	28222.146	1.1275	0.099	8.8605	78.1685	50112.027	0.9565	3164.8015	138.391	0.5995	520.8895	0.0785	12824.9575	0.6285	9.8975	8099.6065	18.7275	284.327
S17-2	SantoAntao	50.973	25285.173	0.918	0.072	8.209	84.736	48359.025	0.814	2899.641	119.178	0.682	516.189	0.05	13579.867	0.481	10.093	8592.462	16.826	137.634
S18-3	SantoAntao	54.301	24304.959	0.482	0.062	8.912	74.604	50387.43	0.741	2881.275	113.148	0.612	546.293	0.117	12731.429	1.241	11.991	8571.564	18.224	156.071
S18-4	SantoAntao	59.4425	28975.103	0.747	0.072	9.043	74.01	54464.7305	0.853	3174.916	132.5785	0.5435	595.1705	0.1175	12973.021	0.53	10.6415	7234.936	25.053	124.7955
S18-5	SantoAntao	51.699	28149.23	0.775	0.083	7.002	76.5	52639.552	0.762	3141.896	129.676	0.543	515.505	0.127	11346.317	1.373	9.929	7655.647	20.643	612.541
S19-1	SantoAntao	60.123	27567.72	1.335	0.081	9.086	83.814	51700.453	0.846	3326.209	138.176	0.715	699.122	0.074	12667.125	0.486	9.572	7789.789	18.749	178.473
S19-2	SantoAntao	57.9115	23606.781	1.661	0.069	9.411	82.4435	53424.6195	0.8775	2966.0075	125.555	0.789	777.901	0.1045	12835.9385	0.5685	10.518	8191.976	16.325	177.0355
S19-T2-15-8	SantoAntao	59.0505	24929.7355	0.7525	0.0795	7.4645	75.816	58307.193	0.848	2807.197	120.607	0.5075	593.221	0.133	11970.2395	1.826	11.1355	8129.494	16.383	571.324
S24-1-1	SantoAntao	64.491	27968.566	0.678	0.085	8.049	77.578	54344.073	1.042	3105.949	140.301	0.585	674.712	0.132	12425.286	0.785	10.338	7342.059	17.47	364.186
S29-4-3	SantoAntao	55.15	28631.244	0.581	0.072	8.264	70.278	55405.897	1.041	2896.947	127.246	0.497	710.273	0.139	12418.762	0.979	10.031	7766.165	25.996	147.929
S3-1	SantoAntao	56.164	25687.098	1.129	0.083	8.534	73.68	51782.394	0.697	2986.495	128.138	0.672	558.906	0.094	11957.13	0.809	10.886	9087.686	16.906	192.116
S3-100	SantoAntao	57.555	23985.37	0.974	0.068	9.71	81.952	51310.044	0.907	2950.87	128.567	0.64	627.169	0.112	13082.471	0.872	9.952	8558.154	16.633	156.034
S3-11	SantoAntao	62.1855	28175.152	1.0355	0.0975	8.758	72.798	55569.7585	0.9005	3126.306	130.7785	0.6745	617.352	0.0525	12390.8125	0.174	11.1515	6866.943	24.9235	121.391
S3-3	SantoAntao	60.7815	24431.5275	1.512	0.068	9.6385	81.557	53479.869	1.028	2920.8615	127.716	0.717	689.1285	0.0965	12765.899	0.5735	10.5755	8166.327	22.103	153.747
S3-5	SantoAntao	55.322	27955.282	1.034	0.092	8.804	76.292	50885.252	0.887	3180.03	135.702	0.596	632.533	0.075	13173.673	0.59	10.282	6956.932	28.086	185.45
S4-B2-2	SantoAntao	50.7225	31421.007	1.826	0.069	7.4165	75.524	48428.9545	0.8865	3030.9005	144.557	0.489	574.66	0.065	12404.353	0.498	11.5195	6892.8635	32.547	198.3575
S4-B2-4	SantoAntao	51.0985	30459.4525	1.8425	0.092	8.48	78.441	49419.346	0.8725	2934.887	133.8565	0.4845	533.3965	0.095	12884.071	1.5845	10.4935	7527.8435	22.2245	458.458
S4-T1-15-1	SantoAntao	58.221	28312.913	1.543	0.089	11.015	86.099	51113.327	0.996	2918.346	153.489	0.468	587.429	0.091	12792.803	0.556	9.257	7680.134	30.549	188.654
S7-B11	SantoAntao	54.7695	22753.631	1.5825	0.0765	9.6035	96.125	52411.9715	0.879	2811.013	139.945	0.437	545.809	0.145	12886.69	1.044	9.7825	8069.51	15.062	179.2675
S7-B2	SantoAntao	50.0955	24800.944	0.528	0.069	8.853	74.7705	55463.5865	0.7895	2884.6525	114.1	0.5825	553.166	0.082	12513.3695	0.489	10.3065	8502.289	15.9955	110.4715
S7-B20	SantoAntao	54.305	27122.837	0.483	0.074	9.5225	74.3	52716.1245	0.9495	3142.212	124.0555	0.6165	559.296	0.097	12493.891	0.54	10.575	8026.552	29.409	112.5575
S7-T1	SantoAntao	61.051	27050.734	0.493	0.071	9.22	78.382	53972.941	1.066	2927.909	132.753	0.618	634.423	0.102	12995.642	0.929	9.994	7696.729	25.856	217.664
S7-T1-15-28	SantoAntao	51.491	25308.212	0.769	0.079	8.465	70.674	54371.987	0.824	2877.78	121.33	0.68	528.923	0.088	12205.727	0.693	12.148	8915.829	18.045	316.516
S7-T2	SantoAntao	50.4075	23978.4145	0.608	0.0855	9.5725	78.301	50205.924	0.924	3026.899	112.129	0.4415	816.3755	0.175	13731.4525	0.9965	9.0825	9814.433	15.1335	257.404
S8-B9	SantoAntao	54.2615	23483.5185	1.4405	0.082	8.793	104.536	44131.9285	0.9055	2880.7165	139.7845	0.5135	718.843	0.173	12163.8045	1.4665	9.0605	9585.6745	15.7985	224.602
S9-1	SantoAntao	50.057	27274.78	0.819	0.077	8.804	77.915	46346.312	0.9	3371.638	127.911	0.476	499.802	0.108	12971.746	0.891	10.121	8339.489	20.781	128.371
F1-3	Fogo	69.3785	34891.856	0.046	0.067	19.417	53.7945	41462.2695	1.085	3592.9765	562.7925	0.512	407.6275	0.1045	12013.0145	0.597	8.605	12060.854	37.4405	83.399
F10-1-3	Fogo	60.319	28719.315	0.06	0.057	18.426	45.78	50857.056	0.911	3230.423	431.795	0.402	235.017	0.096	12359.451	0.546	10.892	11155.821	19.595	69.228
F10-10-101	Fogo	69.0215	30219.2825	0.233	0.0725	20.295	57.7815	50361.2655	1.2305	3413.319	442.215	0.443	622.5595	0.2585	12082.513	1.022	8.9625	10828.2425	22.611	163.6395
F10-10-102	Fogo	63.026	26482.13	0.118	0.075	16.688	46.808	51809.705	1.178	3183.854	506.59	0.369	431.228	0.195	12218.513	1.022	10.6	11496.36	19.711	84.475
F10-10-201	Fogo	68.061	30416.654	0.1105	0.0695	19.3895	46.613	52479.066	1.078	3462.051	492.196	0.37	497.853	0.1115	11526.105	1.0925	10.1355	10861.729	21.3835	80.1305
F10-10-202	Fogo	62.805	29142.0895	0.046	0.069	21.027	48.8445	51838.7185	0.9985	3349.592	453.43	0.451	335.059	0.55	11735.0465	0.4525	9.7105	11664.671	20.171	112.1885
F10-12-1	Fogo	63.184	29752.933	0.194	0.065	20.771	53.9335	51493.8845	0.949	3494.8825	510.965	0.428	325.6695	0.171	12080.7745	1.4275	9.628	10328.624	20.2355	128.895
F10-18-1	Fogo	68.595	25785.839	0.058	0.061	16.323	45.473	48539.234	0.732	3076.164	367.264	0.346	414.798	0.095	12717.918	0.839	10.342	12785.419	28.194	150.31
F10-18-3	Fogo	76.404	29278.683	0.038	0.07	15.994	51.521	50968.163	0.889	3021.42	406.455	0.65	455.058	0.099	11935.24	0.46	10.435	11893.937	29.358	66.506
F10-18-4	Fogo	86.64	27585.913	0.093	0.07	20.42	56.489	51364.646	1.215	3351.106	481.405	0.398	476.752	0.202	12390.537	1.173	10.535	10606.838	32.205	73.596
F10-19-1	Fogo	58.343	29313.047	0.072	0.072	20.668	51.041	50961.735	1.004	3281.98	498.441	0.481	350.432	0.18	12723.71	1.053	10.213	10995.891	21.412	84.294
F10-9-202	Fogo	59.466	28726.406	0.0505	0.0675	21.2415	51.5925	50218.0815	0.7805	3452.6975	462.2485	0.558	338.334	0.094	12393.8065	0.6725	9.3245	11360.1255	24.516	97.1775
F11-10	Fogo	61.419	28616.749	0.061	0.045	17.762	54.717	47166.343	0.911	2881.015	495.603	0.428	463.925	0.09	12122.763	0.553	10.351	11734.152	30.364	74.703
F11-4	Fogo	101.614	33649.7395	0.0705	0.058	22.895	51.5555	46908.857	1.1935	3396.9465	627.2	0.381	478.182	0.0965	11697.0255	0.4715	9.5445	11047.3945	24.9055	91.6065
F11-6	Fogo	52.37	26519.634	0.051	0.058	19.48	56.717	45241.856	0.849	3189.944	505.438	0.351	414.969	0.08	12261.936	0.273	9.563	12993.791	30.125	90.867
F12-102	Fogo	62.705	28524.742	0.04	0.063	21.2	57.419	47740.408	0.991	2994.099	420.053	0.438	512.517	0.13	12700.39	0.396	8.591	12507.335	31.011	105.812
F12-103	Fogo	69.89	29394.182	0.126	0.053	19.888	57.435	49320.309	1.121	3465.524	594.771	0.434	459.849	0.097	12252.363	0.687	10.018	10441.025	32.555	87.957
F12-107	Fogo	54.751	30350.328	0.064	0.08	20.893	58.996	46167.397	1.149	3054.437	473.029	0.327	637.888	0.106	11767.454	0.879	8.672	12094.442	27.801	135.625
F12-109	Fogo	57.4295	28233.107	0.0735	0.07	18.5715	61.7	48267.1555	1.029	3058.72	488.414	0.4905	440.8965	0.105	12471.8165	0.719	9.4835	11738.501	30.8525	189.5575
F12-111	Fogo	89.723	33046.211	0.094	0.075	21.887	58.309	47207.54	1.276	3379.581	615.562	0.452	539.832	0.156	11691.301	1.506	8.014	12318.441	34.975	93.37
F12-112	Fogo	58.008	29349.844	0.0855	0.067	19.466	55.7235	45124.5175	0.9755	3141.061	486.703	0.393	705.0615	0.202	11728.794	1.376	9.419	13132.054	31.4105	142.0385
F12-116	Fogo	70.2435	27745.897	0.0505	0.057	18.899	58.6525	45385.5125	0.9315	3069.0145	482.8405	0.451	482.1125	0.061	12144.7545	0.2665	9.719	12613.8455	28.8855	81.4975
F12-117	Fogo	71.088	28533.754	0.097	0.0615	19.6015	58.9495	46658.278	1.0485	3203.1695	504.3615	0.3735	621.466	0.1585	12682.2345	1.6265	8.26	12748.835	25.8185	124.6685
F12-118	Fogo	51.8075	32197.2925	0.09	0.0585	20.0755	52.8325	46684.8045	0.9485	3109.5805	477.1785	0.4335	447.0015	0.106	11913.912	0.769	10.197	11547.816	28.4445	177.6655
F12-119	Fogo	50.821	29602.861	0.07	0.072	19.619	52.804	44246.567	1.003	3340.08	446.455	0.333	516.973	0.111	12011.194	0.895	8.847	12424.563	29.584	95.976
F12-121	Fogo	55.856	28330.058	0.062	0.062	24.4	49.297	47847.808	1.097	3233.469	455.592	0.346	422.537	0.122	12292.397	0.733	9.134	12391.585	31.679	106.678
F12-201	Fogo	63.511	27993.348	0.077	0.056	18.822	62.724	49366.863	0.981	2930.832	525.485	0.34	524.944	0.097	12576.18	0.82	10.19	11102.965	31.843	97.201
F13-10	Fogo	74.693	30062.52	0.055	0.067	18.85	49.653	46388.104	1.16	3331.358	501.784	0.5	368.835	0.112	11679.797	0.484	11.113	11830.432	24.317	101.463
F13-11	Fogo	103.609	29422.9395	0.1095	0.0675	18.125	46.582	51227.3395	1.125	3425.043	514.537	0.284	380.777	0.0705	11506.6445	0.569	9.808	11862.0075	26.2605	216.6415
F13-301	Fogo	61.081	30244.054	0.056	0.069	18.198	52.027	48162.95	1.183	3446.667	432.757	0.287	424.556	0.074	11476.171	0.415	9.054	11261.717	32.509	97.367
F13-302	Fogo	61.094	31090.208	0.074	0.057	17.162	54.181	46636.81	1.055	3279.334	494.223	0.271	443.022	0.102	11232.261	0.678	11.115	10716.467	25.292	66.414
F13-303	Fogo	57.2115	30934.505	0.0715	0.053	16.82	51.9715	46945.3025	1.0325	3366.828	469.135	0.5395	600.6225	0.1585	11730.1505	0.4285	10.3355	11065.913	34.1285	75.9585
F13-4	Fogo	87.498	28361.959	0.048	0.06	19.58	55.712	46551.667	0.828	3300.854	464.432	0.346	355.678	0.099	11415.55	0.629	9.717	11821.769	20.93	99.123
F13-5	Fogo	72.4675	32583.677	0.113	0.0925	23.246	45.937	50313.381	1.244	3707.8995	478.1415	0.32	488.5755	0.1295	11543.15	0.822	9.468	10715.629	20.99	379.45
F13-6	Fogo	63.2415	27542.83	0.065	0.0575	19.7675	64.043	48410.1035	0.982	3150.3685	438.3925	0.384	609.637	0.157	11913.001	0.5815	9.139	12016.4945	32.0935	89.6405
F13-8	Fogo	97.7225	29064.932	0.121	0.058	19.766	53.9205	51052.486	1.124	3162.386	485.838	0.3375	688.362	0.1845	11540.166	1.1745	9.9465	11647.575	29.4945	167.014
F13-T1-0217-209	Fogo	116.217	31862.332	0.063	0.067	21.074	51.58	46488.477	1.141	3613.747	468.98	0.524	475.485	0.081	12201.103	0.368	9.661	13044.952	32.522	118.457
F13-T1-0217-210	Fogo	107.6285	32007.901	0.052	0.051	20.7655	52.671	47480.803	1.0435	3376.1655	503.7895	0.4635	398.3345	0.108	11778.821	0.201	10.2875	10532.657	28.6245	92.217
F13-T1-0217-221	Fogo	64.611	34641.4205	0.0695	0.0775	20.531	53.184	48316.1685	1.147	3445.315	557.2175	0.4005	412.343	0.115	12099.3445	0.802	8.7205	10635.5445	22.419	118.6725
F13-T1-0217-223	Fogo	56.233	27841.755	0.051	0.059	21.064	45.493	49802.214	1	3381.933	433.473	0.493	385.154	0.089	12221.043	0.411	9.728	12526.669	26.943	90.838
F13-T1-1115-12	Fogo	94.511	32215.558	0.05	0.06	17.045	50.34	49457.754	1.02	3425.401	530.126	0.328	396.622	0.061	11020.673	0.31	9.945	10828.869	23.53	94.946
F13-T1-1115-14	Fogo	91.2785	31655.0765	0.049	0.058	22.209	51.2115	45342.89	1.012	3725.4115	570.745	0.376	297.6265	0.116	11437.9375	0.215	8.6095	12239.953	20.6095	84.721
F13-T1-1115-26	Fogo	60.94	30731.069	0.0625	0.067	17.9955	58.8855	50058.832	0.87	3252.924	526.8235	0.382	492.0805	0.1505	11399.5485	0.476	9.7745	11277.418	27.243	111.196
F13-T1-1115-7	Fogo	81.0405	29028.5835	0.087	0.0715	21.355	52.5085	47198.6495	0.9245	3255.359	494.5555	0.526	388.3265	0.0895	12478.479	0.6125	10.504	11709.75	27.931	208.171
F14-1	Fogo	54.201	33631.0305	0.0305	0.0655	16.96	51.4485	45779.3035	0.9935	3532.5305	447.131	0.414	466.1705	0.0835	11961.5085	0.4545	9.189	11070.0945	35.558	75.916
F14-2	Fogo	59.7185	33173.2085	0.072	0.074	17.6575	52.858	46547.4475	1.0925	3418.4225	519.6485	0.4735	379.9935	0.0795	12301.6725	0.7335	9.6245	10145.1005	33.457	126.0915
F15-1	Fogo	65.269	32241.496	0.063	0.064	24.595	53.151	50159.676	1.153	3385.248	539.504	0.578	430.953	0.111	12013.848	0.624	9.652	10814.317	22.034	80.679
F15-2	Fogo	60.624	30393.811	0.048	0.062	24.926	50.233	50389.702	0.973	3286.398	513.395	0.615	382.478	0.111	11670.696	0.368	10.434	10274.352	32.534	91.755
F15-3	Fogo	60.271	29063.001	0.051	0.061	19.43	53.306	50359.882	1.084	3260.523	521.53	0.43	425.697	0.106	11670.058	0.498	9.916	10747.4	25.979	140.225
F15-4	Fogo	55.883	26512.809	0.062	0.045	23.358	53.369	50690.711	0.886	3124.467	460.568	0.394	281.278	0.075	12183.564	0.621	10.472	12236.434	19.975	94.687
F16-1	Fogo	65.931	33624.619	0.0885	0.0785	20.656	48.964	46004.844	1.1505	3881.9285	529.2465	0.4375	371.2185	0.1025	11059.3325	0.7185	8.4735	11800.0895	24.0525	181.716
F16-11	Fogo	81.9555	29316.5845	0.076	0.058	18.921	57.0645	44748.9175	0.996	3381.64	419.999	0.458	512.763	0.093	12286.9925	0.7535	8.784	12467.971	31.8585	82.7385
F16-12	Fogo	58.325	27774.472	0.082	0.065	20.444	55.204	47296.203	1.13	3401.58	360.094	0.418	1048.376	0.295	10979.049	1.008	9.152	11973.944	23.455	71.812
F16-13	Fogo	57.711	31371.632	0.07	0.077	19.846	52.915	43629.024	1.035	3439.945	501.893	0.557	458.33	0.123	11772.886	0.62	7.581	13535.339	33.975	74.632
F16-14	Fogo	80.835	30664.483	0.089	0.065	19.816	45.3415	42240.294	0.9905	3722.747	469.1065	0.379	354.554	0.0935	12649.758	0.6545	8.917	12645.263	33.5495	303.2255
F16-15	Fogo	86.0495	32720.0025	0.0565	0.0685	20.879	53.0555	41208.784	1.1945	3634.9885	506.377	0.47	502.0415	0.089	13214.622	0.457	8.152	11840.5265	35.6585	89.3365
F16-16	Fogo	84.149	33080.278	0.071	0.0615	23.2325	54.665	40673.2845	1.136	3622.8065	509.575	0.484	553.912	0.1115	12990.7915	0.7055	8.06	11942.586	29.752	88.812
F16-23	Fogo	92.377	34133.032	0.056	0.0525	17.7595	48.1355	45679.609	1.0685	3656.3945	589.862	0.4475	503.7415	0.058	11820.844	0.4165	9.5705	10741.7515	37.311	104.514
F16-24	Fogo	100.338	31446.44	0.0835	0.06	18.653	49.139	40853.6785	1.1565	3316.5875	525.5935	0.4035	495.8015	0.1105	13374.3975	0.6425	8.937	11729.566	34.62	102.328
F16-25	Fogo	93.346	34406.5625	0.094	0.073	22.8895	43.879	45607.8615	1.2695	3543.4585	552.5465	0.3645	389.7815	0.167	12670.7035	1.3455	8.042	12117.685	30.9815	85.4985
F16-6	Fogo	61.762	34794.3075	0.056	0.068	18.4315	48.8855	45082.77	1.047	3781.34	613.461	0.5325	376.286	0.109	10997.8265	0.609	8.975	11471.2505	32.218	80.8095
F16-7	Fogo	88.258	31202.9	0.115	0.074	18.287	47.544	42206.515	1.034	3651.12	516.904	0.402	570.307	0.118	12640.681	0.667	9.004	12640.915	37.263	123.513
F2-4	Fogo	63.181	33960.798	0.045	0.062	20.459	39.93	41194.853	1.035	3597.317	510.294	0.375	462.004	0.099	11917.376	0.253	9.109	13741.47	25.609	68.961
F2-SS1	Fogo	51.624	33761.23	0.08	0.073	19.177	49.197	44996.898	0.972	3664.951	593.379	0.513	406.477	0.084	11143.732	0.685	10.004	11485.951	36.244	219.313
F3-1	Fogo	93.642	33865.448	0.072	0.064	19.245	48.958	41449.4	1.053	3713.702	530.19	0.425	499.279	0.074	12865.253	0.662	8.79	11631.417	35.736	138.319
F3-2	Fogo	88.124	30549.778	0.071	0.053	16.705	55.114	47527.501	1.114	3264.639	617.749	0.552	806.239	0.092	12403.279	0.458	10.035	10682.252	33.837	80.855
F3-T1-1115-2	Fogo	76.034	32829.847	0.2	0.077	21.944	61.094	42613.04	1.3305	3088.5835	581.0055	0.321	875.907	0.1735	12049.8995	1.496	8.1835	12908.5055	31.0085	205.7505
F3-T1-1115-20	Fogo	54.127	29400.039	0.077	0.066	11.906	55.855	41296.777	1.027	3329.215	417.873	0.29	461.95	0.104	13030.389	0.431	9.288	11477.604	35.448	58.162
F3-T1-1115-3	Fogo	53.27	32303.403	0.088	0.052	21.35	53.222	47822.612	1.07	3353.638	512.085	0.401	436.714	0.111	13055.172	0.95	9.89	10677.045	35.263	80.94
F3-T2-1115-13	Fogo	92.0045	34759.411	0.091	0.083	19.5525	50.12	47415.666	1.2485	3941.1075	585.5035	0.373	575.697	0.131	11710.964	0.7435	9.115	9372.8865	36.31	88.6755
F3-T2-1115-8	Fogo	52.2705	30005.7805	0.1015	0.0625	12.936	57.857	44389.8965	0.9775	3197.204	440.92	0.3245	430.2585	0.1085	12858.09	0.879	9.1525	11911.9655	32.5985	235.129
F4-103	Fogo	81.7725	32872.138	0.0735	0.0595	15.8605	63.431	45037.6105	0.975	3199.3545	593.907	0.5345	551.5375	0.089	11801.752	0.4995	9.192	11171.9365	35.166	71.2405
F4-104	Fogo	63.976	32902.521	0.1	0.063	19.283	55.548	50475.704	1.145	3601.929	558.899	0.621	559.657	0.1	12463.258	0.77	9.109	9694.408	24.167	98.584
F4-105	Fogo	56.0265	29114.044	0.062	0.061	21.6345	59.396	49336.668	1.1265	3249.122	532.856	0.5295	579.3545	0.15	12790.6305	0.7145	9.2155	11055.1945	21.528	102.0685
F4-13	Fogo	49.6125	28679.0425	0.089	0.0535	17.0455	56.339	46120.0645	0.936	3084.099	496.0495	0.2815	1056.7065	0.118	13344.027	0.7095	9.2525	11954.8925	30.407	142.7975
F4B-16	Fogo	102.1965	34381.273	0.129	0.0665	17.8805	51.8745	44246.2065	1.211	3512.206	527.042	0.429	491.729	0.09	11996.1175	1.179	9.1445	11177.317	32.0095	200.5175
F4B-17	Fogo	100.1465	32226.4665	0.065	0.0605	21.051	48.382	46152.7015	0.9675	3574.216	579.656	0.3805	397.9085	0.0965	12416.451	0.232	8.203	12309.696	25.339	85.1405
F5-1	Fogo	65.774	30771.465	0.066	0.071	15.702	53.218	48100.831	0.944	3296.78	476.522	0.379	426.784	0.175	12174.705	0.7	8.881	12101.277	31.883	76.534
F5-3	Fogo	54.825	31276.6955	0.084	0.0805	11.9095	56.4215	46717.765	1.213	3541.6575	406.403	0.412	614.38	0.151	12235.528	1.1685	8.006	11905.2995	33.0715	201.899
F5-7S1	Fogo	74.465	27640.381	0.06	0.062	17.928	56.856	50247.739	0.951	3449.199	455.861	0.394	551.68	0.486	13783.02	0.688	9.866	8888.114	21.137	94.115
F5-8	Fogo	103.045	34192.7305	0.1005	0.0735	15.675	52.9695	43934.6415	1.272	3556.86	533.2895	0.3305	416.357	0.103	11907.051	0.7935	8.8695	11687.994	31.254	119.164
F5-SS1	Fogo	54.769	31426.8605	0.1335	0.084	22.1555	55.9785	46770.605	1.1975	3529.1895	474.977	0.4725	733.534	0.2285	12257.4795	1.643	8.1555	11772.1715	33.9545	267.7305
F5-T1-1115-10	Fogo	63.903	31264.85	0.081	0.06	19.649	39.391	43616.029	1.24	3883.009	351.799	0.319	861.356	0.172	12804.186	1.116	8.385	12671.419	22.433	78.795
F5-T1-1115-55	Fogo	78.298	33305.729	0.111	0.084	16.452	53.4345	47333.803	1.225	3438.6505	512.54	0.4175	740.8535	0.1805	11327.412	0.908	8.4325	12116.837	37.0225	107.93
F7-11T	Fogo	89.721	31064.435	0.066	0.08	17.317	48.588	45987.395	0.998	3362.782	473.678	0.409	641.603	0.135	11725.399	1.189	8.927	11943.728	20.566	141.968
F7-19b	Fogo	87.5175	31537.319	0.064	0.0655	16.149	46.915	43367.572	0.9605	3395.2115	500.412	0.4525	421.686	0.099	12379.373	0.53	9.367	12034.9725	33.1925	84.6685
F7-6T	Fogo	74.7015	29386.7555	0.052	0.06	17.28	51.5645	45137.816	1.067	3094.438	445.542	0.495	599.0095	0.116	12225.177	0.4765	9.537	13588.784	31.3945	95.5885
F7-7B	Fogo	93.943	32090.208	0.083	0.075	17.618	52.424	46139.059	1.14	3391.954	506.793	0.403	464.579	0.1	12170.624	0.832	9.239	11524.05	23.922	194.184
F7-B12	Fogo	88.528	31720.603	0.048	0.053	16.469	47.408	48038.095	0.968	3300.64	471.547	0.417	440.577	0.06	12373.995	0.347	10.111	11389.636	34.409	72.044
F7-B2	Fogo	83.079	29738.017	0.135	0.068	18.2785	54.04	46211.23	1.1565	3173.484	438.4675	0.4745	839.3005	0.4215	11526.767	1.581	9.6725	12670.3975	22.6245	115.2
F7-B8	Fogo	91.9655	31394.9535	0.1145	0.071	22.8005	50.6865	50832.5995	1.038	3262.0725	530.8675	0.5105	490.1065	0.134	12070.5385	1.073	10.0055	11375.4655	30.5075	113.889
F7-S1	Fogo	86.704	35629.576	0.098	0.079	17.539	54.621	44258.028	1.227	3469.343	485.568	0.54	744.393	0.19	12397.574	1.202	8.19	11579.456	38.124	143.058
F7-S4	Fogo	82.715	31403.208	0.104	0.078	20.264	49.032	44187.957	1.006	3524.924	442.555	0.534	568.931	0.181	12823.224	0.965	8.601	12123.817	33.441	251.845
F7-T14	Fogo	87.2	28495.662	0.07	0.069	20.075	55.53	48230.843	1.137	2948.727	500.797	0.525	604.024	0.125	12957.343	0.534	9.754	11589.767	22.14	87.245
F7-T5	Fogo	89.4275	30767.5215	0.061	0.063	14.953	56.902	46614.517	1.105	3255.5155	514.4665	0.397	518.6855	0.122	12051.011	0.596	9.2055	10958.714	29.0165	76.6855
F8-2	Fogo	90.235	35809.059	0.145	0.079	16.402	52.781	43551.341	1.245	3644.321	634.385	0.514	534.101	0.143	11838.426	0.902	8.437	10940.443	36.987	499.858
F8-302	Fogo	77.29	30083.219	0.106	0.0605	21.7175	50.6495	48273.884	1.078	3359.1575	466.3725	0.5515	590.5325	0.077	12049.457	1.4385	9.719	11601.352	34.465	81.81
F8-5	Fogo	96.9755	31633.2675	0.065	0.0555	17.969	51.2315	46401.3325	1.063	3327.5725	575.7105	0.3835	440.33	0.0935	12610.6385	0.407	9.379	11839.202	22.9045	82.9245
F8-6	Fogo	89.145	31235.258	0.072	0.067	19.56	54.884	43964.886	1.216	3342.615	583.571	0.397	523.298	0.114	12793.889	0.529	8.544	11990.592	32.057	96.372
F8-7	Fogo	83.6495	30553.0545	0.062	0.0575	18.0325	53.693	42682.6705	1.0915	3407.7195	520.094	0.3485	470.9295	0.1085	13159.014	0.571	8.754	12119.5835	32.3215	83.85
F8B-1	Fogo	91.8825	33095.0275	0.0685	0.0665	16.684	48.357	45559.106	0.9225	3487.4235	553.743	0.431	419.3965	0.0735	12160.746	0.644	10.339	11184.7635	28.796	132.3705
F9-2	Fogo	53.9525	28498.7385	0.073	0.06	17.9465	59.1755	50236.389	1.05	3169.971	510.263	0.372	795.145	0.119	12971.1965	0.504	9.7185	10515.474	21.927	75.0785
F9-3	Fogo	76.791	31244.06	0.082	0.071	23.056	51.99	43276.151	1.111	3588.719	511.6	0.551	428.139	0.092	12399.37	0.319	9.695	11227.925	25.372	88.569
S1-1-irt1	S1-1-irt1	70.2945	31592.4245	0.1855	0.0515	17.547	50.4215	43132.449	1.323	3403.061	537.98	0.2925	899.4355	0.175	12056.6845	1.5335	9.589	12227.692	26.292	127.794